{
  "15": {
    "J": 15,
    "gamma_target": 32.45403843218293,
    "raw_powers": [
      37.69988320195016,
      42.22386918618418,
      42.97786685022318
    ],
    "raw_weights": [
      0.29176591818664527,
      0.6934052386203888,
      0.014828843192965832
    ],
    "average_power": 40.91510517475852,
    "relative_levels": [
      0.9214172379839828,
      1.0319873065420608,
      1.0504156513017404
    ],
    "finite_counts": [
      5,
      11,
      0
    ],
    "finite_levels": [
      0.9214172379839828,
      1.0319873065420608,
      1.0504156513017404
    ],
    "normalized_shape": [
      0.9237875288683601,
      0.9237875288683601,
      0.9237875288683601,
      0.9237875288683601,
      0.9237875288683601,
      1.0346420323325636,
      1.0346420323325636,
      1.0346420323325636,
      1.0346420323325636,
      1.0346420323325636,
      1.0346420323325636,
      1.0346420323325636,
      1.0346420323325636,
      1.0346420323325636,
      1.0346420323325636,
      1.0346420323325636
    ],
    "effective_ratio": 1.1200000000000003
  },
  "20": {
    "J": 20,
    "gamma_target": 40.95732534629209,
    "raw_powers": [
      49.48149399698451,
      94.01483859427057
    ],
    "raw_weights": [
      0.8103726358733171,
      0.18962736412668293
    ],
    "average_power": 57.92623474871313,
    "relative_levels": [
      0.8542156107960008,
      1.6230096605124016
    ],
    "finite_counts": [
      6,
      2
    ],
    "finite_levels": [
      0.8542156107960008,
      1.6230096605124016
    ],
    "normalized_shape": [
      0.8163265306122449,
      0.8163265306122449,
      0.8163265306122449,
      0.8163265306122449,
      0.8163265306122449,
      0.8163265306122449,
      1.5510204081632655,
      1.5510204081632655
    ],
    "effective_ratio": 1.9000000000000001
  }
}